id,target
13000,0.33701295585328467
13001,0.41758234344130407
13002,0.3757422571422969
13003,0.2786054122366135
13004,0.31144380074088573
13005,0.33701295585328467
13006,0.35214215753746847
13007,0.34785412585256764
13008,0.28193259518641556
13009,0.2551998287055342
13010,0.2546782898070186
13011,0.28027791431726534
13012,0.25570260207222806
13013,0.1957522643296946
13014,0.37652897228928095
13015,0.42886992002765445
13016,0.3704283041610354
13017,0.37214640886003897
13018,0.2546782898070186
13019,0.25508377009380756
13020,0.26885178886398464
13021,0.4129140871907449
13022,0.2591943805179046
13023,0.19307306441546354
13024,0.2563265752642885
13025,0.2786054122366135
13026,0.2659574366796453
13027,0.27794059050353703
13028,0.22326099430667634
13029,0.23712428218063264
13030,0.2724951266839189
13031,0.28998611186499057
13032,0.29441382267387467
13033,0.31120507210687076
13034,0.3189727209224533
13035,0.301664867510722
13036,0.34738836486645924
13037,0.30688646760099514
13038,0.31975852038199004
13039,0.38218912865388327
13040,0.28220535900031685
13041,0.33693690995664094
13042,0.33456276810282287
13043,0.3467892109302525
13044,0.23519951562243205
13045,0.3662787180907512
13046,0.28027791431726534
13047,0.28824173588263036
13048,0.34785412585256764
13049,0.3281521892625709
13050,0.2554922291187927
13051,0.26723523253860476
13052,0.31318564079847583
13053,0.22736579079383182
13054,0.37432918682702326
13055,0.3013878576010492
13056,0.31739435410796474
13057,0.2332521370717283
13058,0.287574808781983
13059,0.3584080596721491
13060,0.3256257227289631
13061,0.2554922291187927
13062,0.3089438998614073
13063,0.19307306441546354
13064,0.353860468044314
13065,0.28027791431726534
13066,0.33456276810282287
13067,0.2714975125663864
13068,0.4602016145171561
13069,0.26480237785124017
13070,0.258830277559438
13071,0.1673956201022629
13072,0.2936972323995565
13073,0.32600778202980446
13074,0.2460573603403841
13075,0.23712428218063264
13076,0.23058623788875063
13077,0.30715318102891764
13078,0.38380615354630754
13079,0.28062409861709153
13080,0.3017290395416975
13081,0.13345940124452152
13082,0.3525560401222346
13083,0.2735204427000043
13084,0.22736579079383182
13085,0.24185687167045086
13086,0.29773375504123056
13087,0.2679753816804925
13088,0.298378747333534
13089,0.27037803722241066
13090,0.3100756310083862
13091,0.2714975125663864
13092,0.26176881217575093
13093,0.19307306441546354
13094,0.3281521892625709
13095,0.2679753816804925
13096,0.25876388726435023
13097,0.40953148998761657
13098,0.37266680319295953
13099,0.31739435410796474
13100,0.2591943805179046
13101,0.3013878576010492
13102,0.3108509156081073
13103,0.2721421969774994
13104,0.2989565455265382
13105,0.29145865622812156
13106,0.25401106022414194
13107,0.3584080596721491
13108,0.2560027489936939
13109,0.2093562304507734
13110,0.25516902087655735
13111,0.353860468044314
13112,0.19307306441546354
13113,0.3131933930677755
13114,0.36702398009702497
13115,0.298378747333534
13116,0.3017290395416975
13117,0.3485857713483736
13118,0.262660078266782
13119,0.37175785260228256
13120,0.28062409861709153
13121,0.3909598326539454
13122,0.32367677953518564
13123,0.38218912865388327
13124,0.2889178566056253
13125,0.38218912865388327
13126,0.25481923446981014
13127,0.14751028801143173
13128,0.24549666175290022
13129,0.25261030039299776
13130,0.23712428218063264
13131,0.31062448081722605
13132,0.262660078266782
13133,0.27938906080084047
13134,0.26480237785124017
13135,0.34738836486645924
13136,0.2719870007230897
13137,0.2603575485745013
13138,0.32367677953518564
13139,0.44521902632233873
13140,0.38218912865388327
13141,0.28027791431726534
13142,0.37266680319295953
13143,0.33701295585328467
13144,0.36669515251040197
13145,0.40640844518480645
13146,0.2465203191067685
13147,0.2679753816804925
13148,0.2539271573337815
13149,0.35214215753746847
13150,0.3139542209456258
13151,0.2093562304507734
13152,0.33693690995664094
13153,0.40640844518480645
13154,0.32600778202980446
13155,0.3013878576010492
13156,0.1841477848775751
13157,0.301664867510722
13158,0.22326099430667634
13159,0.24061896387020607
13160,0.26723523253860476
13161,0.2540502430920251
13162,0.26480237785124017
13163,0.18776053593469003
13164,0.3609677363942095
13165,0.3426038155215265
13166,0.366372763858376
13167,0.3139542209456258
13168,0.13345940124452152
13169,0.41758234344130407
13170,0.3467892109302525
13171,0.32600778202980446
13172,0.25072739209281125
13173,0.2714975125663864
13174,0.25876388726435023
13175,0.26373010328923635
13176,0.3542736021597612
13177,0.23058623788875063
13178,0.2989565455265382
13179,0.37106758973532394
13180,0.26723523253860476
13181,0.3426038155215265
13182,0.345982725264
13183,0.25261030039299776
13184,0.3513043262517361
13185,0.28062409861709153
13186,0.34738836486645924
13187,0.35759782785960786
13188,0.3116488509109783
13189,0.22736579079383182
13190,0.39733294886448817
13191,0.3009778711616993
13192,0.2874708475503512
13193,0.2465203191067685
13194,0.2603575485745013
13195,0.2591943805179046
13196,0.32600778202980446
13197,0.3467892109302525
13198,0.3131933930677755
13199,0.262660078266782
13200,0.36924288826340634
13201,0.301664867510722
13202,0.2129468129493999
13203,0.3542736021597612
13204,0.2093562304507734
13205,0.35380887312707654
13206,0.26373010328923635
13207,0.4129140871907449
13208,0.38380615354630754
13209,0.40640844518480645
13210,0.3485204825317724
13211,0.24180181870895845
13212,0.23113726508123308
13213,0.2563265752642885
13214,0.3513043262517361
13215,0.22326099430667634
13216,0.37432918682702326
13217,0.37106758973532394
13218,0.22326099430667634
13219,0.3256257227289631
13220,0.28765753746503164
13221,0.419410404823637
13222,0.28998611186499057
13223,0.2749897941437032
13224,0.2656316929859438
13225,0.29394070077250606
13226,0.31708882325104154
13227,0.1957522643296946
13228,0.2680488076218826
13229,0.3346227931328102
13230,0.2721421969774994
13231,0.37175785260228256
13232,0.19635891882880438
13233,0.27938906080084047
13234,0.25508377009380756
13235,0.2707840287794072
13236,0.260177964975439
13237,0.3100756310083862
13238,0.2786054122366135
13239,0.31708882325104154
13240,0.260177964975439
13241,0.29258002666403554
13242,0.3426038155215265
13243,0.2848488973105823
13244,0.23874915526247928
13245,0.2936972323995565
13246,0.2631001432625778
13247,0.3108509156081073
13248,0.25908068271919305
13249,0.19307306441546354
13250,0.3485857713483736
13251,0.35214215753746847
13252,0.25876388726435023
13253,0.260177964975439
13254,0.24061896387020607
13255,0.2714975125663864
13256,0.3131933930677755
13257,0.36062350777586993
13258,0.3609677363942095
13259,0.2551998287055342
13260,0.24180181870895845
13261,0.35759782785960786
13262,0.3652607286497481
13263,0.26885178886398464
13264,0.3149056735487462
13265,0.40640844518480645
13266,0.353860468044314
13267,0.29773375504123056
13268,0.23874915526247928
13269,0.36062350777586993
13270,0.3017290395416975
13271,0.22326099430667634
13272,0.31318564079847583
13273,0.2131856610750679
13274,0.29145865622812156
13275,0.2563265752642885
13276,0.3013878576010492
13277,0.3282862261164279
13278,0.2656316929859438
13279,0.3017290395416975
13280,0.24082493647708833
13281,0.28062409861709153
13282,0.2735204427000043
13283,0.2540502430920251
13284,0.25481923446981014
13285,0.2129468129493999
13286,0.25401106022414194
13287,0.3513043262517361
13288,0.18295013234316032
13289,0.2554922291187927
13290,0.19307306441546354
13291,0.33951235679509295
13292,0.3131933930677755
13293,0.2563265752642885
13294,0.258830277559438
13295,0.287574808781983
13296,0.34785412585256764
13297,0.25261030039299776
13298,0.41758234344130407
13299,0.26480237785124017
13300,0.2554922291187927
13301,0.26373010328923635
13302,0.273101665101476
13303,0.34738836486645924
13304,0.24180181870895845
13305,0.1673956201022629
13306,0.5297271681757469
13307,0.32600778202980446
13308,0.3704283041610354
13309,0.3584080596721491
13310,0.3704283041610354
13311,0.3033682137010997
13312,0.3662787180907512
13313,0.2546782898070186
13314,0.33693690995664094
13315,0.24549666175290022
13316,0.262660078266782
13317,0.23142801200176508
13318,0.36702398009702497
13319,0.4602016145171561
13320,0.28998611186499057
13321,0.260177964975439
13322,0.3236629745090306
13323,0.3149056735487462
13324,0.2874708475503512
13325,0.37214640886003897
13326,0.25908068271919305
13327,0.29394070077250606
13328,0.3542736021597612
13329,0.3189727209224533
13330,0.3652607286497481
13331,0.3236629745090306
13332,0.21209282114774064
13333,0.29394070077250606
13334,0.3346227931328102
13335,0.25481923446981014
13336,0.19635891882880438
13337,0.2848992390343566
13338,0.3017290395416975
13339,0.3017290395416975
13340,0.19635891882880438
13341,0.25876388726435023
13342,0.2936972323995565
13343,0.3139542209456258
13344,0.2749897941437032
13345,0.3042386340046237
13346,0.3525560401222346
13347,0.3836501569765286
13348,0.2907632558066598
13349,0.25876388726435023
13350,0.37432918682702326
13351,0.258830277559438
13352,0.34785412585256764
13353,0.27037803722241066
13354,0.42886992002765445
13355,0.24796119619879872
13356,0.3189727209224533
13357,0.298378747333534
13358,0.36702398009702497
13359,0.32367677953518564
13360,0.29145865622812156
13361,0.2206409822204712
13362,0.2603575485745013
13363,0.33480714094686
13364,0.2551998287055342
13365,0.38380615354630754
13366,0.1841477848775751
13367,0.33701295585328467
13368,0.4602016145171561
13369,0.30243918429638517
13370,0.30243918429638517
13371,0.3485204825317724
13372,0.12335504571327523
13373,0.3089438998614073
13374,0.30688646760099514
13375,0.29773375504123056
13376,0.36062350777586993
13377,0.1673956201022629
13378,0.262660078266782
13379,0.2956222595125325
13380,0.2848992390343566
13381,0.31708882325104154
13382,0.3017290395416975
13383,0.2985140980425894
13384,0.2874708475503512
13385,0.3482515517414488
13386,0.26176881217575093
13387,0.25481923446981014
13388,0.3100756310083862
13389,0.2560027489936939
13390,0.25908068271919305
13391,0.25876388726435023
13392,0.2560027489936939
13393,0.33480714094686
13394,0.3609677363942095
13395,0.2882202687035423
13396,0.2129468129493999
13397,0.345982725264
13398,0.31318564079847583
13399,0.21735614842170087
13400,0.3288006196081138
13401,0.31375270918659004
13402,0.26885178886398464
13403,0.419410404823637
13404,0.12335504571327523
13405,0.26968860026407077
13406,0.33951235679509295
13407,0.2940824033983426
13408,0.3467892109302525
13409,0.3484466054976117
13410,0.2563265752642885
13411,0.18759565593615352
13412,0.3149056735487462
13413,0.3288466012263854
13414,0.3346227931328102
13415,0.2656316929859438
13416,0.2985140980425894
13417,0.3282862261164279
13418,0.22504294675504294
13419,0.32367677953518564
13420,0.25516902087655735
13421,0.23058623788875063
13422,0.3836501569765286
13423,0.23712428218063264
13424,0.35065049006075166
13425,0.33701295585328467
13426,0.287574808781983
13427,0.3485204825317724
13428,0.25570260207222806
13429,0.2554922291187927
13430,0.3909598326539454
13431,0.36924288826340634
13432,0.23712428218063264
13433,0.298378747333534
13434,0.3189727209224533
13435,0.3346227931328102
13436,0.419410404823637
13437,0.37106758973532394
13438,0.22504294675504294
13439,0.37432918682702326
13440,0.25516902087655735
13441,0.3139542209456258
13442,0.3017290395416975
13443,0.25072739209281125
13444,0.3421957354802916
13445,0.27850509092281495
13446,0.13345940124452152
13447,0.2735204427000043
13448,0.3149056735487462
13449,0.28105719483538516
13450,0.2540502430920251
13451,0.301664867510722
13452,0.29773375504123056
13453,0.27938906080084047
13454,0.28193259518641556
13455,0.28998611186499057
13456,0.3584080596721491
13457,0.25908068271919305
13458,0.3724870318659556
13459,0.3073286892774055
13460,0.366372763858376
13461,0.3485857713483736
13462,0.3513043262517361
13463,0.2936972323995565
13464,0.31120507210687076
13465,0.3189727209224533
13466,0.36062350777586993
13467,0.31144380074088573
13468,0.30715318102891764
13469,0.3513043262517361
13470,0.26373010328923635
13471,0.38218912865388327
13472,0.2816816306892308
13473,0.31318564079847583
13474,0.28193259518641556
13475,0.31375270918659004
13476,0.3421957354802916
13477,0.260177964975439
13478,0.2874708475503512
13479,0.3584080596721491
13480,0.34738836486645924
13481,0.2848992390343566
13482,0.1841477848775751
13483,0.260177964975439
13484,0.3149056735487462
13485,0.28998611186499057
13486,0.24796119619879872
13487,0.2546782898070186
13488,0.366372763858376
13489,0.24606845426707055
13490,0.3033682137010997
13491,0.28193259518641556
13492,0.3662787180907512
13493,0.3108509156081073
13494,0.40953148998761657
13495,0.23519951562243205
13496,0.33456276810282287
13497,0.26885178886398464
13498,0.27938906080084047
13499,0.2201060313660967
13500,0.3100756310083862
13501,0.2546782898070186
13502,0.2603575485745013
13503,0.31975852038199004
13504,0.3652607286497481
13505,0.28765753746503164
13506,0.2563265752642885
13507,0.3116488509109783
13508,0.22504294675504294
13509,0.22736579079383182
13510,0.23142801200176508
13511,0.2882202687035423
13512,0.30277205500812193
13513,0.29258002666403554
13514,0.28998611186499057
13515,0.2184673303974036
13516,0.30277205500812193
13517,0.37266680319295953
13518,0.13345940124452152
13519,0.28193259518641556
13520,0.2964719165468203
13521,0.287574808781983
13522,0.37266680319295953
13523,0.23639478920433932
13524,0.3189727209224533
13525,0.29441382267387467
13526,0.353860468044314
13527,0.23113726508123308
13528,0.3193075755721538
13529,0.2956222595125325
13530,0.301664867510722
13531,0.24549666175290022
13532,0.27938906080084047
13533,0.3141150522389706
13534,0.21209282114774064
13535,0.1841477848775751
13536,0.31062448081722605
13537,0.32995772297839837
13538,0.3281521892625709
13539,0.24082493647708833
13540,0.26723523253860476
13541,0.2539271573337815
13542,0.2129468129493999
13543,0.24406915739867696
13544,0.2948417713086446
13545,0.37652897228928095
13546,0.18759565593615352
13547,0.24185687167045086
13548,0.37652897228928095
13549,0.3193075755721538
13550,0.3033682137010997
13551,0.23519951562243205
13552,0.29441382267387467
13553,0.3042386340046237
13554,0.23113726508123308
13555,0.4125228400883824
13556,0.18759565593615352
13557,0.4125228400883824
13558,0.3525560401222346
13559,0.2465203191067685
13560,0.26176881217575093
13561,0.2631001432625778
13562,0.21209282114774064
13563,0.27037803722241066
13564,0.2956222595125325
13565,0.26968860026407077
13566,0.38380615354630754
13567,0.28824173588263036
13568,0.37432918682702326
13569,0.21735614842170087
13570,0.28193259518641556
13571,0.33693690995664094
13572,0.19307306441546354
13573,0.262660078266782
13574,0.2465203191067685
13575,0.33480714094686
13576,0.18759565593615352
13577,0.32600778202980446
13578,0.25261030039299776
13579,0.26885178886398464
13580,0.3513043262517361
13581,0.31062448081722605
13582,0.3836501569765286
13583,0.3485857713483736
13584,0.3042386340046237
13585,0.2680488076218826
13586,0.25401106022414194
13587,0.25261030039299776
13588,0.28824173588263036
13589,0.23712428218063264
13590,0.3135032890040286
13591,0.22326099430667634
13592,0.3009778711616993
13593,0.23425482964109412
13594,0.2093562304507734
13595,0.32367677953518564
13596,0.3256257227289631
13597,0.1913032454363891
13598,0.25401106022414194
13599,0.3724870318659556
13600,0.40953148998761657
13601,0.3467892109302525
13602,0.3484466054976117
13603,0.3609677363942095
13604,0.19635891882880438
13605,0.2985140980425894
13606,0.3909598326539454
13607,0.31318564079847583
13608,0.30243918429638517
13609,0.3149056735487462
13610,0.2940824033983426
13611,0.3131933930677755
13612,0.3836501569765286
13613,0.3108509156081073
13614,0.31318564079847583
13615,0.23519951562243205
13616,0.37214640886003897
13617,0.2201060313660967
13618,0.23425482964109412
13619,0.4602016145171561
13620,0.33951235679509295
13621,0.23712428218063264
13622,0.40640844518480645
13623,0.2201060313660967
13624,0.345982725264
13625,0.33533255063734885
13626,0.29441382267387467
13627,0.2093562304507734
13628,0.35990758089177993
13629,0.31062448081722605
13630,0.3149056735487462
13631,0.2786054122366135
13632,0.3288006196081138
13633,0.21735614842170087
13634,0.35065049006075166
13635,0.301664867510722
13636,0.2749897941437032
13637,0.24185687167045086
13638,0.28062409861709153
13639,0.3033682137010997
13640,0.34785412585256764
13641,0.22504294675504294
13642,0.3858049053222641
13643,0.26885178886398464
13644,0.3089438998614073
13645,0.23058623788875063
13646,0.3485857713483736
13647,0.1673956201022629
13648,0.29394070077250606
13649,0.3858049053222641
13650,0.28193259518641556
13651,0.36034420252280625
13652,0.25516902087655735
13653,0.419410404823637
13654,0.262660078266782
13655,0.2539271573337815
13656,0.2679753816804925
13657,0.3236629745090306
13658,0.23142801200176508
13659,0.24406915739867696
13660,0.33533255063734885
13661,0.18776053593469003
13662,0.273101665101476
13663,0.12335504571327523
13664,0.27037803722241066
13665,0.3116488509109783
13666,0.3256257227289631
13667,0.36669515251040197
13668,0.31375270918659004
13669,0.24082493647708833
13670,0.29394070077250606
13671,0.25072739209281125
13672,0.2714975125663864
13673,0.2848992390343566
13674,0.37652897228928095
13675,0.2721421969774994
13676,0.2848992390343566
13677,0.2907632558066598
13678,0.36702398009702497
13679,0.3042386340046237
13680,0.3421957354802916
13681,0.258830277559438
13682,0.37106758973532394
13683,0.25908068271919305
13684,0.20304776434268723
13685,0.2551998287055342
13686,0.28062409861709153
13687,0.2889178566056253
13688,0.3236629745090306
13689,0.25876388726435023
13690,0.21209282114774064
13691,0.19635891882880438
13692,0.2131856610750679
13693,0.353860468044314
13694,0.1673956201022629
13695,0.37266680319295953
13696,0.14751028801143173
13697,0.29441382267387467
13698,0.2735204427000043
13699,0.2551998287055342
13700,0.24061896387020607
13701,0.37266680319295953
13702,0.2989565455265382
13703,0.22504294675504294
13704,0.37214640886003897
13705,0.18759565593615352
13706,0.28824173588263036
13707,0.3513043262517361
13708,0.28193259518641556
13709,0.25481923446981014
13710,0.35759782785960786
13711,0.2656316929859438
13712,0.23425482964109412
13713,0.3485857713483736
13714,0.2679753816804925
13715,0.3139542209456258
13716,0.30243918429638517
13717,0.4129140871907449
13718,0.2724951266839189
13719,0.2985140980425894
13720,0.37214640886003897
13721,0.2836430461133106
13722,0.2956222595125325
13723,0.2985140980425894
13724,0.25261030039299776
13725,0.23712428218063264
13726,0.20304776434268723
13727,0.2093562304507734
13728,0.2940824033983426
13729,0.258830277559438
13730,0.21735614842170087
13731,0.25261030039299776
13732,0.24406915739867696
13733,0.40953148998761657
13734,0.2956222595125325
13735,0.2659574366796453
13736,0.1841477848775751
13737,0.25516902087655735
13738,0.3282862261164279
13739,0.3135032890040286
13740,0.3042386340046237
13741,0.23874915526247928
13742,0.2656316929859438
13743,0.2631001432625778
13744,0.28220535900031685
13745,0.24549666175290022
13746,0.27850509092281495
13747,0.23425482964109412
13748,0.3484466054976117
13749,0.28105719483538516
13750,0.33693690995664094
13751,0.3256257227289631
13752,0.2836430461133106
13753,0.26885178886398464
13754,0.20304776434268723
13755,0.2989565455265382
13756,0.258830277559438
13757,0.35214215753746847
13758,0.3089438998614073
13759,0.3009778711616993
13760,0.37175785260228256
13761,0.23113726508123308
13762,0.2554922291187927
13763,0.22326099430667634
13764,0.26176881217575093
13765,0.28105719483538516
13766,0.366372763858376
13767,0.35990758089177993
13768,0.33456276810282287
13769,0.2679753816804925
13770,0.29594426246431454
13771,0.3485857713483736
13772,0.2964719165468203
13773,0.2948417713086446
13774,0.34785412585256764
13775,0.30688646760099514
13776,0.27938906080084047
13777,0.26373010328923635
13778,0.24180181870895845
13779,0.20304776434268723
13780,0.1913032454363891
13781,0.33456276810282287
13782,0.24406915739867696
13783,0.26480237785124017
13784,0.34785412585256764
13785,0.22326099430667634
13786,0.3485857713483736
13787,0.23142801200176508
13788,0.2093562304507734
13789,0.3346227931328102
13790,0.2786054122366135
13791,0.3652607286497481
13792,0.1913032454363891
13793,0.3909598326539454
13794,0.3704283041610354
13795,0.4125228400883824
13796,0.25261030039299776
13797,0.31120507210687076
13798,0.28824173588263036
13799,0.3836501569765286
13800,0.38218912865388327
13801,0.3033682137010997
13802,0.3467892109302525
13803,0.3017290395416975
13804,0.3089438998614073
13805,0.29594426246431454
13806,0.25508377009380756
13807,0.3724870318659556
13808,0.19307306441546354
13809,0.2816816306892308
13810,0.28998611186499057
13811,0.2539271573337815
13812,0.3584080596721491
13813,0.2554922291187927
13814,0.262660078266782
13815,0.26885178886398464
13816,0.3236629745090306
13817,0.2206409822204712
13818,0.2201060313660967
13819,0.23113726508123308
13820,0.2724951266839189
13821,0.3100756310083862
13822,0.2985140980425894
13823,0.298378747333534
13824,0.30277205500812193
13825,0.33951235679509295
13826,0.31375270918659004
13827,0.2560027489936939
13828,0.27938906080084047
13829,0.31975852038199004
13830,0.3089438998614073
13831,0.29773375504123056
13832,0.3609677363942095
13833,0.28105719483538516
13834,0.24549666175290022
13835,0.1841477848775751
13836,0.35214215753746847
13837,0.32995772297839837
13838,0.2874708475503512
13839,0.18776053593469003
13840,0.33456276810282287
13841,0.2948417713086446
13842,0.3426038155215265
13843,0.3346227931328102
13844,0.23712428218063264
13845,0.4125228400883824
13846,0.1957522643296946
13847,0.3281521892625709
13848,0.2270024247059305
13849,0.2749897941437032
13850,0.33951235679509295
13851,0.2680488076218826
13852,0.25908068271919305
13853,0.3724870318659556
13854,0.26723523253860476
13855,0.3139542209456258
13856,0.38218912865388327
13857,0.3662787180907512
13858,0.31739435410796474
13859,0.30243918429638517
13860,0.2656316929859438
13861,0.3017290395416975
13862,0.37652897228928095
13863,0.3189727209224533
13864,0.3089438998614073
13865,0.34785412585256764
13866,0.2724951266839189
13867,0.28765753746503164
13868,0.2551998287055342
13869,0.258830277559438
13870,0.2656316929859438
13871,0.2836430461133106
13872,0.3288006196081138
13873,0.2680488076218826
13874,0.28765753746503164
13875,0.36702398009702497
13876,0.1913032454363891
13877,0.24549666175290022
13878,0.24061896387020607
13879,0.31120507210687076
13880,0.35990758089177993
13881,0.2131856610750679
13882,0.2131856610750679
13883,0.12335504571327523
13884,0.419410404823637
13885,0.2882202687035423
13886,0.19307306441546354
13887,0.29258002666403554
13888,0.5297271681757469
13889,0.3652607286497481
13890,0.3017290395416975
13891,0.2539271573337815
13892,0.30277205500812193
13893,0.2724951266839189
13894,0.2206409822204712
13895,0.2539271573337815
13896,0.4125228400883824
13897,0.3757422571422969
13898,0.27037803722241066
13899,0.5297271681757469
13900,0.3485204825317724
13901,0.38218912865388327
13902,0.3131933930677755
13903,0.2270024247059305
13904,0.2034427497813448
13905,0.25876388726435023
13906,0.1913032454363891
13907,0.3485857713483736
13908,0.19307306441546354
13909,0.298378747333534
13910,0.3288006196081138
13911,0.30715318102891764
13912,0.2465203191067685
13913,0.28998611186499057
13914,0.33533255063734885
13915,0.3288466012263854
13916,0.26885178886398464
13917,0.345982725264
13918,0.20304776434268723
13919,0.28062409861709153
13920,0.4125228400883824
13921,0.19635891882880438
13922,0.2563265752642885
13923,0.27794059050353703
13924,0.34738836486645924
13925,0.2554922291187927
13926,0.3282862261164279
13927,0.1673956201022629
13928,0.29145865622812156
13929,0.2540502430920251
13930,0.3662787180907512
13931,0.23043266159100806
13932,0.2874708475503512
13933,0.34738836486645924
13934,0.36924288826340634
13935,0.2889178566056253
13936,0.3017290395416975
13937,0.33701295585328467
13938,0.23043266159100806
13939,0.2539271573337815
13940,0.3426038155215265
13941,0.25570260207222806
13942,0.3652607286497481
13943,0.31120507210687076
13944,0.24082493647708833
13945,0.39883851849287266
13946,0.2889178566056253
13947,0.25072739209281125
13948,0.25481923446981014
13949,0.25908068271919305
13950,0.2948417713086446
13951,0.2332521370717283
13952,0.3288466012263854
13953,0.23043266159100806
13954,0.2936972323995565
13955,0.32600778202980446
13956,0.27794059050353703
13957,0.35065049006075166
13958,0.25072739209281125
13959,0.33693690995664094
13960,0.32995772297839837
13961,0.28105719483538516
13962,0.31708882325104154
13963,0.36924288826340634
13964,0.29441382267387467
13965,0.24061896387020607
13966,0.31975852038199004
13967,0.3909598326539454
13968,0.33701295585328467
13969,0.3009778711616993
13970,0.3609677363942095
13971,0.18759565593615352
13972,0.2940824033983426
13973,0.23142801200176508
13974,0.23142801200176508
13975,0.2936972323995565
13976,0.30243918429638517
13977,0.23712428218063264
13978,0.35214215753746847
13979,0.27938906080084047
13980,0.3513043262517361
13981,0.345982725264
13982,0.2131856610750679
13983,0.28062409861709153
13984,0.28998611186499057
13985,0.3013878576010492
13986,0.19307306441546354
13987,0.3236629745090306
13988,0.3073286892774055
13989,0.2938572561140065
13990,0.18776053593469003
13991,0.3426038155215265
13992,0.26723523253860476
13993,0.24082493647708833
13994,0.31375270918659004
13995,0.25401106022414194
13996,0.3467892109302525
13997,0.2707840287794072
13998,0.2129468129493999
13999,0.2539271573337815
14000,0.3073286892774055
14001,0.36702398009702497
14002,0.2546782898070186
14003,0.2465203191067685
14004,0.25876388726435023
14005,0.4602016145171561
14006,0.3724870318659556
14007,0.28765753746503164
14008,0.33533255063734885
14009,0.23142801200176508
14010,0.2659574366796453
14011,0.25401106022414194
14012,0.24061896387020607
14013,0.40640844518480645
14014,0.2465203191067685
14015,0.28220535900031685
14016,0.35759782785960786
14017,0.36062350777586993
14018,0.33693690995664094
14019,0.2964719165468203
14020,0.3288466012263854
14021,0.31739435410796474
14022,0.2964719165468203
14023,0.35380887312707654
14024,0.2465203191067685
14025,0.3073286892774055
14026,0.287574808781983
14027,0.2554922291187927
14028,0.3542736021597612
14029,0.2184673303974036
14030,0.2206409822204712
14031,0.273101665101476
14032,0.25570260207222806
14033,0.30243918429638517
14034,0.31375270918659004
14035,0.2540502430920251
14036,0.2563265752642885
14037,0.35759782785960786
14038,0.31120507210687076
14039,0.27037803722241066
14040,0.18295013234316032
14041,0.3282862261164279
14042,0.28105719483538516
14043,0.13345940124452152
14044,0.33693690995664094
14045,0.24082493647708833
14046,0.2907632558066598
14047,0.3009778711616993
14048,0.26885178886398464
14049,0.13345940124452152
14050,0.35214215753746847
14051,0.36062350777586993
14052,0.2936972323995565
14053,0.1673956201022629
14054,0.39733294886448817
14055,0.32995772297839837
14056,0.3513043262517361
14057,0.31739435410796474
14058,0.28027791431726534
14059,0.24549666175290022
14060,0.32995772297839837
14061,0.2848488973105823
14062,0.3421957354802916
14063,0.39733294886448817
14064,0.2956222595125325
14065,0.3858049053222641
14066,0.30715318102891764
14067,0.3584080596721491
14068,0.2882202687035423
14069,0.2719870007230897
14070,0.22326099430667634
14071,0.2551998287055342
14072,0.23113726508123308
14073,0.18776053593469003
14074,0.3482515517414488
14075,0.23142801200176508
14076,0.3836501569765286
14077,0.24606845426707055
14078,0.19635891882880438
14079,0.37214640886003897
14080,0.2719870007230897
14081,0.35380887312707654
14082,0.3609677363942095
14083,0.2948417713086446
14084,0.3584080596721491
14085,0.28193259518641556
14086,0.23425482964109412
14087,0.19635891882880438
14088,0.3042386340046237
14089,0.3421957354802916
14090,0.3426038155215265
14091,0.3525560401222346
14092,0.2749897941437032
14093,0.3421957354802916
14094,0.2656316929859438
14095,0.2560027489936939
14096,0.31739435410796474
14097,0.13345940124452152
14098,0.2889178566056253
14099,0.262660078266782
14100,0.24082493647708833
14101,0.2848488973105823
14102,0.26176881217575093
14103,0.23113726508123308
14104,0.3236629745090306
14105,0.27865574448531927
14106,0.29145865622812156
14107,0.40953148998761657
14108,0.3256257227289631
14109,0.28998611186499057
14110,0.29258002666403554
14111,0.36669515251040197
14112,0.2940824033983426
14113,0.2936972323995565
14114,0.18295013234316032
14115,0.33701295585328467
14116,0.366372763858376
14117,0.2129468129493999
14118,0.2656316929859438
14119,0.2270024247059305
14120,0.26723523253860476
14121,0.353860468044314
14122,0.22326099430667634
14123,0.32600778202980446
14124,0.36669515251040197
14125,0.24180181870895845
14126,0.29394070077250606
14127,0.3009778711616993
14128,0.31739435410796474
14129,0.27037803722241066
14130,0.2940824033983426
14131,0.37652897228928095
14132,0.39733294886448817
14133,0.2680488076218826
14134,0.41758234344130407
14135,0.33456276810282287
14136,0.258830277559438
14137,0.36702398009702497
14138,0.27938906080084047
14139,0.29441382267387467
14140,0.23425482964109412
14141,0.2985140980425894
14142,0.3421957354802916
14143,0.41758234344130407
14144,0.28193259518641556
14145,0.44521902632233873
14146,0.2460573603403841
14147,0.25876388726435023
14148,0.26176881217575093
14149,0.260177964975439
14150,0.3073286892774055
14151,0.1913032454363891
14152,0.19307306441546354
14153,0.3073286892774055
14154,0.40640844518480645
14155,0.36062350777586993
14156,0.25401106022414194
14157,0.36924288826340634
14158,0.2848992390343566
14159,0.2707840287794072
14160,0.2554922291187927
14161,0.3467892109302525
14162,0.2786054122366135
14163,0.1841477848775751
14164,0.1841477848775751
14165,0.31062448081722605
14166,0.2936972323995565
14167,0.18295013234316032
14168,0.3421957354802916
14169,0.35214215753746847
14170,0.2465203191067685
14171,0.3193075755721538
14172,0.3836501569765286
14173,0.26176881217575093
14174,0.345982725264
14175,0.5297271681757469
14176,0.3584080596721491
14177,0.41758234344130407
14178,0.33951235679509295
14179,0.12335504571327523
14180,0.38380615354630754
14181,0.24549666175290022
14182,0.23712428218063264
14183,0.2724951266839189
14184,0.32367677953518564
14185,0.2985140980425894
14186,0.14751028801143173
14187,0.38218912865388327
14188,0.2989565455265382
14189,0.18759565593615352
14190,0.3485857713483736
14191,0.44521902632233873
14192,0.3100756310083862
14193,0.18776053593469003
14194,0.3141150522389706
14195,0.2563265752642885
14196,0.29258002666403554
14197,0.3017290395416975
14198,0.3139542209456258
14199,0.37652897228928095
14200,0.2465203191067685
14201,0.25072739209281125
14202,0.3108509156081073
14203,0.37432918682702326
14204,0.2563265752642885
14205,0.31062448081722605
14206,0.25261030039299776
14207,0.3525560401222346
14208,0.2907632558066598
14209,0.32995772297839837
14210,0.23058623788875063
14211,0.27794059050353703
14212,0.28998611186499057
14213,0.29441382267387467
14214,0.4129140871907449
14215,0.20304776434268723
14216,0.25516902087655735
14217,0.25570260207222806
14218,0.13345940124452152
14219,0.2848992390343566
14220,0.5297271681757469
14221,0.3513043262517361
14222,0.36702398009702497
14223,0.35065049006075166
14224,0.35065049006075166
14225,0.27865574448531927
14226,0.23043266159100806
14227,0.3033682137010997
14228,0.25261030039299776
14229,0.2656316929859438
14230,0.37652897228928095
14231,0.29258002666403554
14232,0.28105719483538516
14233,0.23142801200176508
14234,0.3135032890040286
14235,0.27850509092281495
14236,0.3485857713483736
14237,0.37432918682702326
14238,0.2546782898070186
14239,0.2848992390343566
14240,0.13345940124452152
14241,0.32367677953518564
14242,0.27938906080084047
14243,0.4125228400883824
14244,0.25876388726435023
14245,0.3584080596721491
14246,0.35759782785960786
14247,0.27865574448531927
14248,0.23142801200176508
14249,0.19635891882880438
14250,0.2816816306892308
14251,0.1841477848775751
14252,0.39733294886448817
14253,0.19635891882880438
14254,0.2129468129493999
14255,0.39883851849287266
14256,0.301664867510722
14257,0.27794059050353703
14258,0.18776053593469003
14259,0.24061896387020607
14260,0.30243918429638517
14261,0.28193259518641556
14262,0.2659574366796453
14263,0.2129468129493999
14264,0.2816816306892308
14265,0.36034420252280625
14266,0.301664867510722
14267,0.3017290395416975
14268,0.40953148998761657
14269,0.2848992390343566
14270,0.3484466054976117
14271,0.2936972323995565
14272,0.1841477848775751
14273,0.2591943805179046
14274,0.37175785260228256
14275,0.2131856610750679
14276,0.44521902632233873
14277,0.258830277559438
14278,0.33456276810282287
14279,0.23043266159100806
14280,0.28027791431726534
14281,0.2848488973105823
14282,0.3282862261164279
14283,0.287574808781983
14284,0.34785412585256764
14285,0.37175785260228256
14286,0.3116488509109783
14287,0.37432918682702326
14288,0.27938906080084047
14289,0.1673956201022629
14290,0.29394070077250606
14291,0.2679753816804925
14292,0.28998611186499057
14293,0.2786054122366135
14294,0.2907632558066598
14295,0.2940824033983426
14296,0.2749897941437032
14297,0.37214640886003897
14298,0.3724870318659556
14299,0.37652897228928095
14300,0.2707840287794072
14301,0.32367677953518564
14302,0.3426038155215265
14303,0.35759782785960786
14304,0.1673956201022629
14305,0.3009778711616993
14306,0.31318564079847583
14307,0.23142801200176508
14308,0.38380615354630754
14309,0.3836501569765286
14310,0.25072739209281125
14311,0.29394070077250606
14312,0.2554922291187927
14313,0.2332521370717283
14314,0.2034427497813448
14315,0.3652607286497481
14316,0.18776053593469003
14317,0.22736579079383182
14318,0.5297271681757469
14319,0.25261030039299776
14320,0.419410404823637
14321,0.28027791431726534
14322,0.2719870007230897
14323,0.31120507210687076
14324,0.2882202687035423
14325,0.2735204427000043
14326,0.258830277559438
14327,0.3288006196081138
14328,0.366372763858376
14329,0.28220535900031685
14330,0.2184673303974036
14331,0.3282862261164279
14332,0.31062448081722605
14333,0.3281521892625709
14334,0.25481923446981014
14335,0.3089438998614073
14336,0.5297271681757469
14337,0.3704283041610354
14338,0.25072739209281125
14339,0.25072739209281125
14340,0.4129140871907449
14341,0.4125228400883824
14342,0.262660078266782
14343,0.24180181870895845
14344,0.3909598326539454
14345,0.3584080596721491
14346,0.3724870318659556
14347,0.4129140871907449
14348,0.30715318102891764
14349,0.28062409861709153
14350,0.2184673303974036
14351,0.25508377009380756
14352,0.2546782898070186
14353,0.26723523253860476
14354,0.22326099430667634
14355,0.2631001432625778
14356,0.26723523253860476
14357,0.2465203191067685
14358,0.22736579079383182
14359,0.2985140980425894
14360,0.3542736021597612
14361,0.32995772297839837
14362,0.28062409861709153
14363,0.39733294886448817
14364,0.3724870318659556
14365,0.25481923446981014
14366,0.2985140980425894
14367,0.33456276810282287
14368,0.2201060313660967
14369,0.2129468129493999
14370,0.366372763858376
14371,0.19635891882880438
14372,0.3017290395416975
14373,0.2034427497813448
14374,0.3281521892625709
14375,0.22736579079383182
14376,0.3288466012263854
14377,0.26480237785124017
14378,0.27865574448531927
14379,0.2591943805179046
14380,0.2560027489936939
14381,0.41758234344130407
14382,0.35065049006075166
14383,0.31120507210687076
14384,0.25570260207222806
14385,0.23712428218063264
14386,0.2956222595125325
14387,0.36669515251040197
14388,0.31975852038199004
14389,0.3256257227289631
14390,0.24796119619879872
14391,0.24180181870895845
14392,0.22736579079383182
14393,0.3704283041610354
14394,0.41758234344130407
14395,0.31375270918659004
14396,0.25401106022414194
14397,0.3131933930677755
14398,0.31708882325104154
14399,0.2724951266839189
14400,0.3836501569765286
14401,0.25508377009380756
14402,0.28062409861709153
14403,0.2786054122366135
14404,0.24082493647708833
14405,0.2540502430920251
14406,0.1957522643296946
14407,0.3042386340046237
14408,0.40640844518480645
14409,0.3017290395416975
14410,0.2129468129493999
14411,0.1673956201022629
14412,0.36924288826340634
14413,0.2603575485745013
14414,0.2719870007230897
14415,0.39883851849287266
14416,0.30243918429638517
14417,0.18759565593615352
14418,0.33456276810282287
14419,0.3704283041610354
14420,0.29594426246431454
14421,0.2563265752642885
14422,0.28765753746503164
14423,0.3108509156081073
14424,0.26885178886398464
14425,0.29594426246431454
14426,0.27794059050353703
14427,0.23874915526247928
14428,0.3485857713483736
14429,0.2749897941437032
14430,0.2707840287794072
14431,0.25261030039299776
14432,0.366372763858376
14433,0.3193075755721538
14434,0.2201060313660967
14435,0.3073286892774055
14436,0.2936972323995565
14437,0.2551998287055342
14438,0.2656316929859438
14439,0.2735204427000043
14440,0.2093562304507734
14441,0.35065049006075166
14442,0.2591943805179046
14443,0.38380615354630754
14444,0.3652607286497481
14445,0.2603575485745013
14446,0.28062409861709153
14447,0.3482515517414488
14448,0.33701295585328467
14449,0.28193259518641556
14450,0.28105719483538516
14451,0.2721421969774994
14452,0.29773375504123056
14453,0.3426038155215265
14454,0.14751028801143173
14455,0.31708882325104154
14456,0.3009778711616993
14457,0.3013878576010492
14458,0.3757422571422969
14459,0.2460573603403841
14460,0.3467892109302525
14461,0.36062350777586993
14462,0.419410404823637
14463,0.3139542209456258
14464,0.3281521892625709
14465,0.30277205500812193
14466,0.25072739209281125
14467,0.31120507210687076
14468,0.32995772297839837
14469,0.26968860026407077
14470,0.2465203191067685
14471,0.3757422571422969
14472,0.21209282114774064
14473,0.3288466012263854
14474,0.2201060313660967
14475,0.18759565593615352
14476,0.30243918429638517
14477,0.40953148998761657
14478,0.2948417713086446
14479,0.39883851849287266
14480,0.24185687167045086
14481,0.36034420252280625
14482,0.2270024247059305
14483,0.19307306441546354
14484,0.3485857713483736
14485,0.33693690995664094
14486,0.18759565593615352
14487,0.5297271681757469
14488,0.26968860026407077
14489,0.3042386340046237
14490,0.2563265752642885
14491,0.31975852038199004
14492,0.4125228400883824
14493,0.27850509092281495
14494,0.3421957354802916
14495,0.25261030039299776
14496,0.3116488509109783
14497,0.28193259518641556
14498,0.22326099430667634
14499,0.262660078266782
14500,0.23425482964109412
14501,0.2131856610750679
14502,0.23058623788875063
14503,0.36924288826340634
14504,0.3421957354802916
14505,0.258830277559438
14506,0.25908068271919305
14507,0.25072739209281125
14508,0.26968860026407077
14509,0.36062350777586993
14510,0.2940824033983426
14511,0.33533255063734885
14512,0.24180181870895845
14513,0.24180181870895845
14514,0.3193075755721538
14515,0.27850509092281495
14516,0.18776053593469003
14517,0.42886992002765445
14518,0.2938572561140065
14519,0.20304776434268723
14520,0.3485857713483736
14521,0.19635891882880438
14522,0.419410404823637
14523,0.36924288826340634
14524,0.2631001432625778
14525,0.31975852038199004
14526,0.1841477848775751
14527,0.3485204825317724
14528,0.2721421969774994
14529,0.28765753746503164
14530,0.44521902632233873
14531,0.3009778711616993
14532,0.33533255063734885
14533,0.3116488509109783
14534,0.23874915526247928
14535,0.25908068271919305
14536,0.2659574366796453
14537,0.2631001432625778
14538,0.33951235679509295
14539,0.258830277559438
14540,0.2848488973105823
14541,0.26968860026407077
14542,0.419410404823637
14543,0.23712428218063264
14544,0.24406915739867696
14545,0.30243918429638517
14546,0.39733294886448817
14547,0.3542736021597612
14548,0.28998611186499057
14549,0.24180181870895845
14550,0.31318564079847583
14551,0.25401106022414194
14552,0.5297271681757469
14553,0.2332521370717283
14554,0.31739435410796474
14555,0.37432918682702326
14556,0.2540502430920251
14557,0.3135032890040286
14558,0.27037803722241066
14559,0.19307306441546354
14560,0.30688646760099514
14561,0.5297271681757469
14562,0.24406915739867696
14563,0.23043266159100806
14564,0.26968860026407077
14565,0.3836501569765286
14566,0.3089438998614073
14567,0.3288466012263854
14568,0.42886992002765445
14569,0.37106758973532394
14570,0.25508377009380756
14571,0.2539271573337815
14572,0.3281521892625709
14573,0.4125228400883824
14574,0.3131933930677755
14575,0.2724951266839189
14576,0.23712428218063264
14577,0.28062409861709153
14578,0.2659574366796453
14579,0.2546782898070186
14580,0.2956222595125325
14581,0.3013878576010492
14582,0.20304776434268723
14583,0.31144380074088573
14584,0.24796119619879872
14585,0.3013878576010492
14586,0.31144380074088573
14587,0.1957522643296946
14588,0.35990758089177993
14589,0.12335504571327523
14590,0.28027791431726534
14591,0.287574808781983
14592,0.3704283041610354
14593,0.27865574448531927
14594,0.23712428218063264
14595,0.13345940124452152
14596,0.3149056735487462
14597,0.23142801200176508
14598,0.27850509092281495
14599,0.3757422571422969
14600,0.25508377009380756
14601,0.36702398009702497
14602,0.3542736021597612
14603,0.260177964975439
14604,0.42886992002765445
14605,0.2907632558066598
14606,0.2721421969774994
14607,0.44521902632233873
14608,0.14751028801143173
14609,0.2882202687035423
14610,0.3139542209456258
14611,0.41758234344130407
14612,0.24082493647708833
14613,0.345982725264
14614,0.28027791431726534
14615,0.2719870007230897
14616,0.2659574366796453
14617,0.3017290395416975
14618,0.32367677953518564
14619,0.2948417713086446
14620,0.3288006196081138
14621,0.3288006196081138
14622,0.24796119619879872
14623,0.3484466054976117
14624,0.29145865622812156
14625,0.38218912865388327
14626,0.2551998287055342
14627,0.29145865622812156
14628,0.22504294675504294
14629,0.2184673303974036
14630,0.2460573603403841
14631,0.2735204427000043
14632,0.3485204825317724
14633,0.3836501569765286
14634,0.31708882325104154
14635,0.25401106022414194
14636,0.2034427497813448
14637,0.3236629745090306
14638,0.23639478920433932
14639,0.2836430461133106
14640,0.2786054122366135
14641,0.2546782898070186
14642,0.31375270918659004
14643,0.26885178886398464
14644,0.3149056735487462
14645,0.23639478920433932
14646,0.260177964975439
14647,0.23874915526247928
14648,0.33951235679509295
14649,0.20304776434268723
14650,0.24061896387020607
14651,0.24185687167045086
14652,0.3662787180907512
14653,0.38218912865388327
14654,0.3467892109302525
14655,0.25908068271919305
14656,0.4125228400883824
14657,0.23519951562243205
14658,0.273101665101476
14659,0.40640844518480645
14660,0.3108509156081073
14661,0.30277205500812193
14662,0.23058623788875063
14663,0.22736579079383182
14664,0.2907632558066598
14665,0.3662787180907512
14666,0.2836430461133106
14667,0.2816816306892308
14668,0.23043266159100806
14669,0.1673956201022629
14670,0.26885178886398464
14671,0.33951235679509295
14672,0.25401106022414194
14673,0.262660078266782
14674,0.2940824033983426
14675,0.301664867510722
14676,0.3609677363942095
14677,0.28062409861709153
14678,0.2938572561140065
14679,0.419410404823637
14680,0.35990758089177993
14681,0.2129468129493999
14682,0.2131856610750679
14683,0.345982725264
14684,0.2460573603403841
14685,0.23043266159100806
14686,0.31120507210687076
14687,0.2735204427000043
14688,0.1841477848775751
14689,0.3485857713483736
14690,0.39883851849287266
14691,0.2093562304507734
14692,0.27865574448531927
14693,0.3288466012263854
14694,0.3042386340046237
14695,0.22504294675504294
14696,0.3089438998614073
14697,0.2907632558066598
14698,0.33951235679509295
14699,0.3149056735487462
14700,0.3033682137010997
14701,0.22504294675504294
14702,0.3467892109302525
14703,0.419410404823637
14704,0.29441382267387467
14705,0.2707840287794072
14706,0.26373010328923635
14707,0.3484466054976117
14708,0.40640844518480645
14709,0.26176881217575093
14710,0.2989565455265382
14711,0.25401106022414194
14712,0.37432918682702326
14713,0.25261030039299776
14714,0.33480714094686
14715,0.3513043262517361
14716,0.19635891882880438
14717,0.33480714094686
14718,0.2848992390343566
14719,0.34785412585256764
14720,0.32600778202980446
14721,0.3141150522389706
14722,0.2707840287794072
14723,0.23058623788875063
14724,0.3281521892625709
14725,0.30243918429638517
14726,0.44521902632233873
14727,0.26176881217575093
14728,0.37214640886003897
14729,0.19635891882880438
14730,0.3236629745090306
14731,0.4602016145171561
14732,0.29145865622812156
14733,0.3836501569765286
14734,0.25072739209281125
14735,0.2889178566056253
14736,0.30715318102891764
14737,0.18776053593469003
14738,0.2882202687035423
14739,0.3525560401222346
14740,0.287574808781983
14741,0.3909598326539454
14742,0.2735204427000043
14743,0.37106758973532394
14744,0.2679753816804925
14745,0.2719870007230897
14746,0.3609677363942095
14747,0.27794059050353703
14748,0.2656316929859438
14749,0.3135032890040286
14750,0.26968860026407077
14751,0.2848992390343566
14752,0.24606845426707055
14753,0.41758234344130407
14754,0.2332521370717283
14755,0.3100756310083862
14756,0.29773375504123056
14757,0.2948417713086446
14758,0.3662787180907512
14759,0.2680488076218826
14760,0.33533255063734885
14761,0.3135032890040286
14762,0.29594426246431454
14763,0.26373010328923635
14764,0.25908068271919305
14765,0.2816816306892308
14766,0.3089438998614073
14767,0.3100756310083862
14768,0.37652897228928095
14769,0.3100756310083862
14770,0.27794059050353703
14771,0.2882202687035423
14772,0.29441382267387467
14773,0.19635891882880438
14774,0.345982725264
14775,0.31375270918659004
14776,0.287574808781983
14777,0.3288466012263854
14778,0.23142801200176508
14779,0.20304776434268723
14780,0.32367677953518564
14781,0.33693690995664094
14782,0.28062409861709153
14783,0.12335504571327523
14784,0.22504294675504294
14785,0.3013878576010492
14786,0.37266680319295953
14787,0.3609677363942095
14788,0.25516902087655735
14789,0.25072739209281125
14790,0.27938906080084047
14791,0.18295013234316032
14792,0.2948417713086446
14793,0.3704283041610354
14794,0.36062350777586993
14795,0.287574808781983
14796,0.36702398009702497
14797,0.42886992002765445
14798,0.35214215753746847
14799,0.2546782898070186
14800,0.3089438998614073
14801,0.2551998287055342
14802,0.2882202687035423
14803,0.25908068271919305
14804,0.25908068271919305
14805,0.32995772297839837
14806,0.2129468129493999
14807,0.40953148998761657
14808,0.1913032454363891
14809,0.2714975125663864
14810,0.28220535900031685
14811,0.25908068271919305
14812,0.22326099430667634
14813,0.18759565593615352
14814,0.28998611186499057
14815,0.3662787180907512
14816,0.30688646760099514
14817,0.3013878576010492
14818,0.3017290395416975
14819,0.24185687167045086
14820,0.38380615354630754
14821,0.27865574448531927
14822,0.3858049053222641
14823,0.20304776434268723
14824,0.35990758089177993
14825,0.42886992002765445
14826,0.25481923446981014
14827,0.2184673303974036
14828,0.2554922291187927
14829,0.14751028801143173
14830,0.27938906080084047
14831,0.31144380074088573
14832,0.25908068271919305
14833,0.21735614842170087
14834,0.25908068271919305
14835,0.3135032890040286
14836,0.25261030039299776
14837,0.3467892109302525
14838,0.24406915739867696
14839,0.301664867510722
14840,0.33701295585328467
14841,0.2735204427000043
14842,0.24606845426707055
14843,0.3193075755721538
14844,0.3584080596721491
14845,0.28105719483538516
14846,0.3135032890040286
14847,0.31708882325104154
14848,0.2724951266839189
14849,0.24180181870895845
14850,0.25481923446981014
14851,0.419410404823637
14852,0.345982725264
14853,0.2680488076218826
14854,0.345982725264
14855,0.39733294886448817
14856,0.3236629745090306
14857,0.38380615354630754
14858,0.3858049053222641
14859,0.3135032890040286
14860,0.3100756310083862
14861,0.29441382267387467
14862,0.26723523253860476
14863,0.287574808781983
14864,0.3513043262517361
14865,0.32600778202980446
14866,0.2034427497813448
14867,0.2603575485745013
14868,0.23874915526247928
14869,0.37652897228928095
14870,0.28824173588263036
14871,0.3652607286497481
14872,0.23113726508123308
14873,0.3017290395416975
14874,0.2659574366796453
14875,0.2882202687035423
14876,0.2735204427000043
14877,0.2539271573337815
14878,0.366372763858376
14879,0.1673956201022629
14880,0.38218912865388327
14881,0.2093562304507734
14882,0.34785412585256764
14883,0.18776053593469003
14884,0.35380887312707654
14885,0.30715318102891764
14886,0.3484466054976117
14887,0.31120507210687076
14888,0.27794059050353703
14889,0.30688646760099514
14890,0.2332521370717283
14891,0.26373010328923635
14892,0.3346227931328102
14893,0.2460573603403841
14894,0.24406915739867696
14895,0.4129140871907449
14896,0.24796119619879872
14897,0.2985140980425894
14898,0.3482515517414488
14899,0.23113726508123308
14900,0.2270024247059305
14901,0.23519951562243205
14902,0.26176881217575093
14903,0.29145865622812156
14904,0.29594426246431454
14905,0.35214215753746847
14906,0.2836430461133106
14907,0.29145865622812156
14908,0.3482515517414488
14909,0.3485204825317724
14910,0.3757422571422969
14911,0.3652607286497481
14912,0.3089438998614073
14913,0.3426038155215265
14914,0.3073286892774055
14915,0.3108509156081073
14916,0.2680488076218826
14917,0.2964719165468203
14918,0.28765753746503164
14919,0.33951235679509295
14920,0.2907632558066598
14921,0.2816816306892308
14922,0.33951235679509295
14923,0.34785412585256764
14924,0.2129468129493999
14925,0.2679753816804925
14926,0.2786054122366135
14927,0.3421957354802916
14928,0.3652607286497481
14929,0.3485857713483736
14930,0.3131933930677755
14931,0.2816816306892308
14932,0.2721421969774994
14933,0.29394070077250606
14934,0.24406915739867696
14935,0.22736579079383182
14936,0.3108509156081073
14937,0.33951235679509295
14938,0.38218912865388327
14939,0.31062448081722605
14940,0.2679753816804925
14941,0.2603575485745013
14942,0.44521902632233873
14943,0.35380887312707654
14944,0.24406915739867696
14945,0.3100756310083862
14946,0.2936972323995565
14947,0.37175785260228256
14948,0.34785412585256764
14949,0.2206409822204712
14950,0.21209282114774064
14951,0.23712428218063264
14952,0.3346227931328102
14953,0.31739435410796474
14954,0.2948417713086446
14955,0.23712428218063264
14956,0.29145865622812156
14957,0.39733294886448817
14958,0.3131933930677755
14959,0.25876388726435023
14960,0.2874708475503512
14961,0.27850509092281495
14962,0.3281521892625709
14963,0.3116488509109783
14964,0.2206409822204712
14965,0.40953148998761657
14966,0.35065049006075166
14967,0.35214215753746847
14968,0.32367677953518564
14969,0.4602016145171561
14970,0.31739435410796474
14971,0.35759782785960786
14972,0.2719870007230897
14973,0.2680488076218826
14974,0.2563265752642885
14975,0.3236629745090306
14976,0.29258002666403554
14977,0.3757422571422969
14978,0.2719870007230897
14979,0.31975852038199004
14980,0.29441382267387467
14981,0.28824173588263036
14982,0.26373010328923635
14983,0.28105719483538516
14984,0.27865574448531927
14985,0.2989565455265382
14986,0.2786054122366135
14987,0.24406915739867696
14988,0.2551998287055342
14989,0.44521902632233873
14990,0.2816816306892308
14991,0.3836501569765286
14992,0.3282862261164279
14993,0.25072739209281125
14994,0.24606845426707055
14995,0.25401106022414194
14996,0.37266680319295953
14997,0.23712428218063264
14998,0.21735614842170087
14999,0.33533255063734885
15000,0.2940824033983426
15001,0.28027791431726534
15002,0.3467892109302525
15003,0.2560027489936939
15004,0.3909598326539454
15005,0.2206409822204712
15006,0.36924288826340634
15007,0.38218912865388327
15008,0.28998611186499057
15009,0.30688646760099514
15010,0.2714975125663864
15011,0.27037803722241066
15012,0.34738836486645924
15013,0.3100756310083862
15014,0.40953148998761657
15015,0.23142801200176508
15016,0.3139542209456258
15017,0.28193259518641556
15018,0.18776053593469003
15019,0.44521902632233873
15020,0.2721421969774994
15021,0.25516902087655735
15022,0.35759782785960786
15023,0.12335504571327523
15024,0.38218912865388327
15025,0.18776053593469003
15026,0.37652897228928095
15027,0.24406915739867696
15028,0.2560027489936939
15029,0.35990758089177993
15030,0.3281521892625709
15031,0.39733294886448817
15032,0.2540502430920251
15033,0.2563265752642885
15034,0.2631001432625778
15035,0.2679753816804925
15036,0.3042386340046237
15037,0.2270024247059305
15038,0.2270024247059305
15039,0.30277205500812193
15040,0.2816816306892308
15041,0.2201060313660967
15042,0.2848488973105823
15043,0.41758234344130407
15044,0.3724870318659556
15045,0.2907632558066598
15046,0.2882202687035423
15047,0.30688646760099514
15048,0.27865574448531927
15049,0.2714975125663864
15050,0.3836501569765286
15051,0.30688646760099514
15052,0.2848992390343566
15053,0.28765753746503164
15054,0.2721421969774994
15055,0.287574808781983
15056,0.3584080596721491
15057,0.36702398009702497
15058,0.1673956201022629
15059,0.28027791431726534
15060,0.3089438998614073
15061,0.29394070077250606
15062,0.12335504571327523
15063,0.2659574366796453
15064,0.2989565455265382
15065,0.3484466054976117
15066,0.27037803722241066
15067,0.32600778202980446
15068,0.2985140980425894
15069,0.2270024247059305
15070,0.3485204825317724
15071,0.36669515251040197
15072,0.3131933930677755
15073,0.2907632558066598
15074,0.23113726508123308
15075,0.258830277559438
15076,0.2724951266839189
15077,0.3139542209456258
15078,0.3909598326539454
15079,0.24406915739867696
15080,0.3108509156081073
15081,0.3485857713483736
15082,0.32367677953518564
15083,0.24180181870895845
15084,0.24549666175290022
15085,0.33533255063734885
15086,0.3525560401222346
15087,0.33951235679509295
15088,0.33533255063734885
15089,0.24185687167045086
15090,0.19307306441546354
15091,0.40640844518480645
15092,0.35759782785960786
15093,0.3108509156081073
15094,0.345982725264
15095,0.1957522643296946
15096,0.262660078266782
15097,0.1957522643296946
15098,0.3346227931328102
15099,0.4129140871907449
15100,0.28220535900031685
15101,0.2724951266839189
15102,0.23058623788875063
15103,0.28220535900031685
15104,0.23142801200176508
15105,0.27850509092281495
15106,0.29394070077250606
15107,0.25876388726435023
15108,0.2848488973105823
15109,0.32600778202980446
15110,0.3662787180907512
15111,0.37214640886003897
15112,0.3482515517414488
15113,0.3482515517414488
15114,0.27865574448531927
15115,0.3421957354802916
15116,0.3426038155215265
15117,0.3421957354802916
15118,0.3426038155215265
15119,0.2603575485745013
15120,0.2816816306892308
15121,0.33456276810282287
15122,0.19307306441546354
15123,0.3288006196081138
15124,0.24082493647708833
15125,0.2889178566056253
15126,0.3193075755721538
15127,0.273101665101476
15128,0.2034427497813448
15129,0.31375270918659004
15130,0.2964719165468203
15131,0.28193259518641556
15132,0.2940824033983426
15133,0.42886992002765445
15134,0.2989565455265382
15135,0.31739435410796474
15136,0.2332521370717283
15137,0.2724951266839189
15138,0.3484466054976117
15139,0.40953148998761657
15140,0.40953148998761657
15141,0.29394070077250606
15142,0.2184673303974036
15143,0.40640844518480645
15144,0.2985140980425894
15145,0.345982725264
15146,0.3421957354802916
15147,0.2465203191067685
15148,0.19307306441546354
15149,0.40953148998761657
15150,0.22736579079383182
15151,0.3131933930677755
15152,0.31739435410796474
15153,0.28998611186499057
15154,0.30243918429638517
15155,0.21209282114774064
15156,0.37214640886003897
15157,0.25516902087655735
15158,0.260177964975439
15159,0.3141150522389706
15160,0.3652607286497481
15161,0.35990758089177993
15162,0.34785412585256764
15163,0.3135032890040286
15164,0.26480237785124017
15165,0.2460573603403841
15166,0.3256257227289631
15167,0.3909598326539454
15168,0.28998611186499057
15169,0.37266680319295953
15170,0.260177964975439
15171,0.38218912865388327
15172,0.25261030039299776
15173,0.2940824033983426
15174,0.25261030039299776
15175,0.3141150522389706
15176,0.2889178566056253
15177,0.2948417713086446
15178,0.3013878576010492
15179,0.23639478920433932
15180,0.3288006196081138
15181,0.26723523253860476
15182,0.37432918682702326
15183,0.2721421969774994
15184,0.35759782785960786
15185,0.21735614842170087
15186,0.345982725264
15187,0.366372763858376
15188,0.3421957354802916
15189,0.39883851849287266
15190,0.3426038155215265
15191,0.40640844518480645
15192,0.5297271681757469
15193,0.32600778202980446
15194,0.3542736021597612
15195,0.42886992002765445
15196,0.35380887312707654
15197,0.3033682137010997
15198,0.3858049053222641
15199,0.3346227931328102
15200,0.21735614842170087
15201,0.3836501569765286
15202,0.37106758973532394
15203,0.273101665101476
15204,0.2129468129493999
15205,0.3135032890040286
15206,0.27850509092281495
15207,0.2539271573337815
15208,0.2560027489936939
15209,0.34785412585256764
15210,0.2270024247059305
15211,0.26723523253860476
15212,0.22736579079383182
15213,0.2714975125663864
15214,0.2680488076218826
15215,0.2554922291187927
15216,0.29258002666403554
15217,0.34738836486645924
15218,0.34738836486645924
15219,0.2184673303974036
15220,0.1913032454363891
15221,0.3282862261164279
15222,0.2907632558066598
15223,0.3909598326539454
15224,0.24549666175290022
15225,0.35214215753746847
15226,0.36702398009702497
15227,0.3467892109302525
15228,0.2131856610750679
15229,0.24549666175290022
15230,0.2749897941437032
15231,0.30277205500812193
15232,0.30243918429638517
15233,0.353860468044314
15234,0.29258002666403554
15235,0.2889178566056253
15236,0.2786054122366135
15237,0.2874708475503512
15238,0.258830277559438
15239,0.18295013234316032
15240,0.2184673303974036
15241,0.34785412585256764
15242,0.2465203191067685
15243,0.2131856610750679
15244,0.21209282114774064
15245,0.31739435410796474
15246,0.25401106022414194
15247,0.3525560401222346
15248,0.36034420252280625
15249,0.3236629745090306
15250,0.25261030039299776
15251,0.2907632558066598
15252,0.3073286892774055
15253,0.23113726508123308
15254,0.2465203191067685
15255,0.3013878576010492
15256,0.18776053593469003
15257,0.29258002666403554
15258,0.3757422571422969
15259,0.3288466012263854
15260,0.2551998287055342
15261,0.30243918429638517
15262,0.2735204427000043
15263,0.19635891882880438
15264,0.36924288826340634
15265,0.5297271681757469
15266,0.3033682137010997
15267,0.18295013234316032
15268,0.2836430461133106
15269,0.419410404823637
15270,0.23142801200176508
15271,0.25908068271919305
15272,0.3346227931328102
15273,0.37652897228928095
15274,0.33456276810282287
15275,0.3135032890040286
15276,0.260177964975439
15277,0.3836501569765286
15278,0.2724951266839189
15279,0.3662787180907512
15280,0.2956222595125325
15281,0.301664867510722
15282,0.3131933930677755
15283,0.2707840287794072
15284,0.36669515251040197
15285,0.41758234344130407
15286,0.3485857713483736
15287,0.24061896387020607
15288,0.24406915739867696
15289,0.2465203191067685
15290,0.33693690995664094
15291,0.29394070077250606
15292,0.2714975125663864
15293,0.2460573603403841
15294,0.40953148998761657
15295,0.33693690995664094
15296,0.2714975125663864
15297,0.1957522643296946
15298,0.30688646760099514
15299,0.28765753746503164
15300,0.23425482964109412
15301,0.4129140871907449
15302,0.2546782898070186
15303,0.2563265752642885
15304,0.26968860026407077
15305,0.2719870007230897
15306,0.3662787180907512
15307,0.2749897941437032
15308,0.31739435410796474
15309,0.23874915526247928
15310,0.2551998287055342
15311,0.3542736021597612
15312,0.29394070077250606
15313,0.25876388726435023
15314,0.41758234344130407
15315,0.2201060313660967
15316,0.34785412585256764
15317,0.24180181870895845
15318,0.2721421969774994
15319,0.3909598326539454
15320,0.3584080596721491
15321,0.2956222595125325
15322,0.2680488076218826
15323,0.31375270918659004
15324,0.3426038155215265
15325,0.22736579079383182
15326,0.3757422571422969
15327,0.26373010328923635
15328,0.27850509092281495
15329,0.23142801200176508
15330,0.2551998287055342
15331,0.258830277559438
15332,0.3467892109302525
15333,0.2882202687035423
15334,0.29594426246431454
15335,0.26723523253860476
15336,0.26176881217575093
15337,0.3193075755721538
15338,0.2749897941437032
15339,0.23142801200176508
15340,0.2721421969774994
15341,0.3346227931328102
15342,0.20304776434268723
15343,0.37652897228928095
15344,0.2034427497813448
15345,0.3236629745090306
15346,0.3609677363942095
15347,0.366372763858376
15348,0.23043266159100806
15349,0.3139542209456258
15350,0.3135032890040286
15351,0.20304776434268723
15352,0.2034427497813448
15353,0.2201060313660967
15354,0.23712428218063264
15355,0.25508377009380756
15356,0.12335504571327523
15357,0.27865574448531927
15358,0.2270024247059305
15359,0.2749897941437032
15360,0.27037803722241066
15361,0.35990758089177993
15362,0.12335504571327523
15363,0.24606845426707055
15364,0.287574808781983
15365,0.25908068271919305
15366,0.28105719483538516
15367,0.2460573603403841
15368,0.23142801200176508
15369,0.3033682137010997
15370,0.2964719165468203
15371,0.1957522643296946
15372,0.2985140980425894
15373,0.23043266159100806
15374,0.37106758973532394
15375,0.29773375504123056
15376,0.2184673303974036
15377,0.36924288826340634
15378,0.3652607286497481
15379,0.260177964975439
15380,0.26480237785124017
15381,0.31318564079847583
15382,0.29394070077250606
15383,0.25401106022414194
15384,0.35065049006075166
15385,0.2721421969774994
15386,0.26723523253860476
15387,0.28824173588263036
15388,0.29258002666403554
15389,0.366372763858376
15390,0.33951235679509295
15391,0.3116488509109783
15392,0.27794059050353703
15393,0.3108509156081073
15394,0.37652897228928095
15395,0.4125228400883824
15396,0.39733294886448817
15397,0.2786054122366135
15398,0.28027791431726534
15399,0.3485204825317724
15400,0.39883851849287266
15401,0.258830277559438
15402,0.37266680319295953
15403,0.2465203191067685
15404,0.24082493647708833
15405,0.30688646760099514
15406,0.2270024247059305
15407,0.2719870007230897
15408,0.3135032890040286
15409,0.29594426246431454
15410,0.3542736021597612
15411,0.29594426246431454
15412,0.28824173588263036
15413,0.273101665101476
15414,0.3236629745090306
15415,0.30277205500812193
15416,0.2940824033983426
15417,0.27037803722241066
15418,0.41758234344130407
15419,0.2591943805179046
15420,0.4602016145171561
15421,0.2936972323995565
15422,0.3089438998614073
15423,0.2882202687035423
15424,0.27794059050353703
15425,0.23712428218063264
15426,0.353860468044314
15427,0.2131856610750679
15428,0.31975852038199004
15429,0.33701295585328467
15430,0.2093562304507734
15431,0.3426038155215265
15432,0.3467892109302525
15433,0.3017290395416975
15434,0.38380615354630754
15435,0.33701295585328467
15436,0.3757422571422969
15437,0.3135032890040286
15438,0.26723523253860476
15439,0.258830277559438
15440,0.13345940124452152
15441,0.22326099430667634
15442,0.3100756310083862
15443,0.28105719483538516
15444,0.2938572561140065
15445,0.2465203191067685
15446,0.20304776434268723
15447,0.27865574448531927
15448,0.25072739209281125
15449,0.23712428218063264
15450,0.2554922291187927
15451,0.345982725264
15452,0.29773375504123056
15453,0.21209282114774064
15454,0.3281521892625709
15455,0.21209282114774064
15456,0.27850509092281495
15457,0.298378747333534
15458,0.25401106022414194
15459,0.3467892109302525
15460,0.2907632558066598
15461,0.3485204825317724
15462,0.41758234344130407
15463,0.2206409822204712
15464,0.42886992002765445
15465,0.3484466054976117
15466,0.18295013234316032
15467,0.3149056735487462
15468,0.262660078266782
15469,0.31375270918659004
15470,0.24549666175290022
15471,0.33951235679509295
15472,0.3189727209224533
15473,0.273101665101476
15474,0.2956222595125325
15475,0.3724870318659556
15476,0.26480237785124017
15477,0.30243918429638517
15478,0.2735204427000043
15479,0.32367677953518564
15480,0.34785412585256764
15481,0.3073286892774055
15482,0.3193075755721538
15483,0.21735614842170087
15484,0.28765753746503164
15485,0.3282862261164279
15486,0.25570260207222806
15487,0.3652607286497481
15488,0.29441382267387467
15489,0.1913032454363891
15490,0.3485204825317724
15491,0.2707840287794072
15492,0.23519951562243205
15493,0.2848488973105823
15494,0.3858049053222641
15495,0.25908068271919305
15496,0.3256257227289631
15497,0.3009778711616993
15498,0.12335504571327523
15499,0.4602016145171561
15500,0.2563265752642885
15501,0.26176881217575093
15502,0.258830277559438
15503,0.3662787180907512
15504,0.23874915526247928
15505,0.2907632558066598
15506,0.2938572561140065
15507,0.20304776434268723
15508,0.3584080596721491
15509,0.2786054122366135
15510,0.22326099430667634
15511,0.23043266159100806
15512,0.25072739209281125
15513,0.41758234344130407
15514,0.25908068271919305
15515,0.39883851849287266
15516,0.3089438998614073
15517,0.23712428218063264
15518,0.2940824033983426
15519,0.3189727209224533
15520,0.37106758973532394
15521,0.3485204825317724
15522,0.1841477848775751
15523,0.32995772297839837
15524,0.23639478920433932
15525,0.30715318102891764
15526,0.2656316929859438
15527,0.3033682137010997
15528,0.39883851849287266
15529,0.23058623788875063
15530,0.25481923446981014
15531,0.18759565593615352
15532,0.23425482964109412
15533,0.2129468129493999
15534,0.30715318102891764
15535,0.23142801200176508
15536,0.30243918429638517
15537,0.3089438998614073
15538,0.28998611186499057
15539,0.25072739209281125
15540,0.3042386340046237
15541,0.3281521892625709
15542,0.29258002666403554
15543,0.1673956201022629
15544,0.36034420252280625
15545,0.37175785260228256
15546,0.30688646760099514
15547,0.3149056735487462
15548,0.26723523253860476
15549,0.28998611186499057
15550,0.34738836486645924
15551,0.2539271573337815
15552,0.38380615354630754
15553,0.39733294886448817
15554,0.25516902087655735
15555,0.353860468044314
15556,0.25908068271919305
15557,0.2184673303974036
15558,0.24185687167045086
15559,0.1913032454363891
15560,0.3513043262517361
15561,0.18759565593615352
15562,0.3652607286497481
15563,0.262660078266782
15564,0.25401106022414194
15565,0.35380887312707654
15566,0.3485204825317724
15567,0.18776053593469003
15568,0.30277205500812193
15569,0.28824173588263036
15570,0.2563265752642885
15571,0.26885178886398464
15572,0.2554922291187927
15573,0.2874708475503512
15574,0.3609677363942095
15575,0.3089438998614073
15576,0.25516902087655735
15577,0.2546782898070186
15578,0.3757422571422969
15579,0.3009778711616993
15580,0.31318564079847583
15581,0.3662787180907512
15582,0.29258002666403554
15583,0.3288466012263854
15584,0.25508377009380756
15585,0.4602016145171561
15586,0.35065049006075166
15587,0.2206409822204712
15588,0.24185687167045086
15589,0.28220535900031685
15590,0.33456276810282287
15591,0.2554922291187927
15592,0.24549666175290022
15593,0.3236629745090306
15594,0.40640844518480645
15595,0.273101665101476
15596,0.25508377009380756
15597,0.31708882325104154
15598,0.2591943805179046
15599,0.2201060313660967
15600,0.32600778202980446
15601,0.3033682137010997
15602,0.22736579079383182
15603,0.24549666175290022
15604,0.3484466054976117
15605,0.3042386340046237
15606,0.2591943805179046
15607,0.30243918429638517
15608,0.39883851849287266
15609,0.27850509092281495
15610,0.28193259518641556
15611,0.30243918429638517
15612,0.2936972323995565
15613,0.3836501569765286
15614,0.28193259518641556
15615,0.3724870318659556
15616,0.31062448081722605
15617,0.24082493647708833
15618,0.2680488076218826
15619,0.42886992002765445
15620,0.23113726508123308
15621,0.25481923446981014
15622,0.31144380074088573
15623,0.28105719483538516
15624,0.24606845426707055
15625,0.2940824033983426
15626,0.31708882325104154
15627,0.260177964975439
15628,0.419410404823637
15629,0.35380887312707654
15630,0.35759782785960786
15631,0.2707840287794072
15632,0.3236629745090306
15633,0.2989565455265382
15634,0.44521902632233873
15635,0.2546782898070186
15636,0.19307306441546354
15637,0.33693690995664094
15638,0.3116488509109783
15639,0.3609677363942095
15640,0.25508377009380756
15641,0.2848488973105823
15642,0.2656316929859438
15643,0.31120507210687076
15644,0.33456276810282287
15645,0.2948417713086446
15646,0.3042386340046237
15647,0.2719870007230897
15648,0.301664867510722
15649,0.2707840287794072
15650,0.2184673303974036
15651,0.2546782898070186
15652,0.38218912865388327
15653,0.31975852038199004
15654,0.25401106022414194
15655,0.23712428218063264
15656,0.3662787180907512
15657,0.29258002666403554
15658,0.2889178566056253
15659,0.23712428218063264
15660,0.4125228400883824
15661,0.36702398009702497
15662,0.21735614842170087
15663,0.35065049006075166
15664,0.36924288826340634
15665,0.3704283041610354
15666,0.3467892109302525
15667,0.2554922291187927
15668,0.31739435410796474
15669,0.25570260207222806
15670,0.25516902087655735
15671,0.3236629745090306
15672,0.29773375504123056
15673,0.2554922291187927
15674,0.3288466012263854
15675,0.2332521370717283
15676,0.36062350777586993
15677,0.3724870318659556
15678,0.31120507210687076
15679,0.28824173588263036
15680,0.2603575485745013
15681,0.3017290395416975
15682,0.3073286892774055
15683,0.29258002666403554
15684,0.2332521370717283
15685,0.2465203191067685
15686,0.24406915739867696
15687,0.20304776434268723
15688,0.26373010328923635
15689,0.2721421969774994
15690,0.2836430461133106
15691,0.3421957354802916
15692,0.2936972323995565
15693,0.262660078266782
15694,0.23874915526247928
15695,0.1673956201022629
15696,0.3288466012263854
15697,0.25508377009380756
15698,0.3467892109302525
15699,0.36702398009702497
15700,0.2603575485745013
15701,0.39733294886448817
15702,0.5297271681757469
15703,0.2874708475503512
15704,0.3108509156081073
15705,0.23142801200176508
15706,0.2724951266839189
15707,0.31975852038199004
15708,0.3033682137010997
15709,0.25908068271919305
15710,0.2848992390343566
15711,0.2460573603403841
15712,0.2129468129493999
15713,0.22504294675504294
15714,0.3131933930677755
15715,0.27850509092281495
15716,0.34738836486645924
15717,0.3485204825317724
15718,0.3236629745090306
15719,0.36669515251040197
15720,0.2938572561140065
15721,0.36669515251040197
15722,0.38218912865388327
15723,0.3421957354802916
15724,0.345982725264
15725,0.2034427497813448
15726,0.3033682137010997
15727,0.23043266159100806
15728,0.2989565455265382
15729,0.3073286892774055
15730,0.37266680319295953
15731,0.3139542209456258
15732,0.2539271573337815
15733,0.3033682137010997
15734,0.24061896387020607
15735,0.33533255063734885
15736,0.3108509156081073
15737,0.31062448081722605
15738,0.2836430461133106
15739,0.27865574448531927
15740,0.32995772297839837
15741,0.24061896387020607
15742,0.29145865622812156
15743,0.3513043262517361
15744,0.2539271573337815
15745,0.2714975125663864
15746,0.2836430461133106
15747,0.24180181870895845
15748,0.24061896387020607
15749,0.26723523253860476
15750,0.2540502430920251
15751,0.37175785260228256
15752,0.37432918682702326
15753,0.3009778711616993
15754,0.24185687167045086
15755,0.25261030039299776
15756,0.3236629745090306
15757,0.33951235679509295
15758,0.2938572561140065
15759,0.2554922291187927
15760,0.23712428218063264
15761,0.24406915739867696
15762,0.31739435410796474
15763,0.2206409822204712
15764,0.2964719165468203
15765,0.18759565593615352
15766,0.3662787180907512
15767,0.2131856610750679
15768,0.25072739209281125
15769,0.3236629745090306
15770,0.29441382267387467
15771,0.25508377009380756
15772,0.30277205500812193
15773,0.2563265752642885
15774,0.1957522643296946
15775,0.19635891882880438
15776,0.37214640886003897
15777,0.3009778711616993
15778,0.3858049053222641
15779,0.23874915526247928
15780,0.1673956201022629
15781,0.21209282114774064
15782,0.33693690995664094
15783,0.40640844518480645
15784,0.3042386340046237
15785,0.31375270918659004
15786,0.24606845426707055
15787,0.2938572561140065
15788,0.23874915526247928
15789,0.2465203191067685
15790,0.2938572561140065
15791,0.3141150522389706
15792,0.35065049006075166
15793,0.1913032454363891
15794,0.23113726508123308
15795,0.28193259518641556
15796,0.2551998287055342
15797,0.2964719165468203
15798,0.24180181870895845
15799,0.25508377009380756
15800,0.3042386340046237
15801,0.27865574448531927
15802,0.33701295585328467
15803,0.2719870007230897
15804,0.3858049053222641
15805,0.25876388726435023
15806,0.31318564079847583
15807,0.2034427497813448
15808,0.23113726508123308
15809,0.31318564079847583
15810,0.32995772297839837
15811,0.1913032454363891
15812,0.26968860026407077
15813,0.3073286892774055
15814,0.36669515251040197
15815,0.2889178566056253
15816,0.2721421969774994
15817,0.2603575485745013
15818,0.3009778711616993
15819,0.3513043262517361
15820,0.23519951562243205
15821,0.30277205500812193
15822,0.37175785260228256
15823,0.1673956201022629
15824,0.21735614842170087
15825,0.3704283041610354
15826,0.35759782785960786
15827,0.2907632558066598
15828,0.38218912865388327
15829,0.28765753746503164
15830,0.35759782785960786
15831,0.18759565593615352
15832,0.37652897228928095
15833,0.3139542209456258
15834,0.31318564079847583
15835,0.3542736021597612
15836,0.36669515251040197
15837,0.26373010328923635
15838,0.23113726508123308
15839,0.30277205500812193
15840,0.3282862261164279
15841,0.3033682137010997
15842,0.28765753746503164
15843,0.5297271681757469
15844,0.1841477848775751
15845,0.2460573603403841
15846,0.23874915526247928
15847,0.2786054122366135
15848,0.27850509092281495
15849,0.3609677363942095
15850,0.31708882325104154
15851,0.31739435410796474
15852,0.2882202687035423
15853,0.2540502430920251
15854,0.19635891882880438
15855,0.26968860026407077
15856,0.3193075755721538
15857,0.3757422571422969
15858,0.2848992390343566
15859,0.27865574448531927
15860,0.31739435410796474
15861,0.26885178886398464
15862,0.3909598326539454
15863,0.23639478920433932
15864,0.31062448081722605
15865,0.3513043262517361
15866,0.2603575485745013
15867,0.3513043262517361
15868,0.2332521370717283
15869,0.3100756310083862
15870,0.5297271681757469
15871,0.2465203191067685
15872,0.3288006196081138
15873,0.298378747333534
15874,0.2034427497813448
15875,0.2332521370717283
15876,0.366372763858376
15877,0.24185687167045086
15878,0.32600778202980446
15879,0.24406915739867696
15880,0.24082493647708833
15881,0.3135032890040286
15882,0.23058623788875063
15883,0.24406915739867696
15884,0.2938572561140065
15885,0.24061896387020607
15886,0.2201060313660967
15887,0.301664867510722
15888,0.4602016145171561
15889,0.2816816306892308
15890,0.31375270918659004
15891,0.20304776434268723
15892,0.26176881217575093
15893,0.38218912865388327
15894,0.2465203191067685
15895,0.25516902087655735
15896,0.3042386340046237
15897,0.2603575485745013
15898,0.2956222595125325
15899,0.29145865622812156
15900,0.2680488076218826
15901,0.2129468129493999
15902,0.22504294675504294
15903,0.39733294886448817
15904,0.3858049053222641
15905,0.23874915526247928
15906,0.25261030039299776
15907,0.23043266159100806
15908,0.38218912865388327
15909,0.1913032454363891
15910,0.31739435410796474
15911,0.3189727209224533
15912,0.39883851849287266
15913,0.258830277559438
15914,0.2964719165468203
15915,0.3858049053222641
15916,0.25481923446981014
15917,0.32367677953518564
15918,0.3149056735487462
15919,0.2956222595125325
15920,0.41758234344130407
15921,0.26373010328923635
15922,0.273101665101476
15923,0.3281521892625709
15924,0.3108509156081073
15925,0.35380887312707654
15926,0.18759565593615352
15927,0.30688646760099514
15928,0.36669515251040197
15929,0.30277205500812193
15930,0.353860468044314
15931,0.23874915526247928
15932,0.3609677363942095
15933,0.31739435410796474
15934,0.3149056735487462
15935,0.2964719165468203
15936,0.27037803722241066
15937,0.18295013234316032
15938,0.37266680319295953
15939,0.20304776434268723
15940,0.2563265752642885
15941,0.2131856610750679
15942,0.42886992002765445
15943,0.1841477848775751
15944,0.2206409822204712
15945,0.2680488076218826
15946,0.3017290395416975
15947,0.30688646760099514
15948,0.25481923446981014
15949,0.2546782898070186
15950,0.1841477848775751
15951,0.3909598326539454
15952,0.34785412585256764
15953,0.33533255063734885
15954,0.2093562304507734
15955,0.26968860026407077
15956,0.3100756310083862
15957,0.35759782785960786
15958,0.5297271681757469
15959,0.25516902087655735
15960,0.18295013234316032
15961,0.2656316929859438
15962,0.28998611186499057
15963,0.23712428218063264
15964,0.2659574366796453
15965,0.2591943805179046
15966,0.3100756310083862
15967,0.31120507210687076
15968,0.2093562304507734
15969,0.2936972323995565
15970,0.2551998287055342
15971,0.273101665101476
15972,0.22326099430667634
15973,0.24180181870895845
15974,0.3288466012263854
15975,0.2551998287055342
15976,0.30688646760099514
15977,0.34785412585256764
15978,0.29441382267387467
15979,0.19307306441546354
15980,0.2874708475503512
15981,0.2938572561140065
15982,0.419410404823637
15983,0.3089438998614073
15984,0.26968860026407077
15985,0.26480237785124017
15986,0.24796119619879872
15987,0.3836501569765286
15988,0.28824173588263036
15989,0.3100756310083862
15990,0.3513043262517361
15991,0.44521902632233873
15992,0.3236629745090306
15993,0.3236629745090306
15994,0.28105719483538516
15995,0.3073286892774055
15996,0.25481923446981014
15997,0.35759782785960786
15998,0.32600778202980446
15999,0.260177964975439
